model_name,cv_f1,test_f1,uses_pca,tuned
ridge,84.85531939198192,84.97927554514327,False,False
histgradientboosting,95.20659171953709,95.26563064691001,False,False
xgboost,95.4692715249608,95.59175201913098,False,False
lightgbm,95.61741077242733,95.57778481872086,False,False
ridge_with_pca,81.62851063619964,82.1036321378116,True,False
histgradientboosting_with_pca,90.13396350911303,90.42142110287766,True,False
xgboost_with_pca,92.1669858573571,92.63967428183669,True,False
lightgbm_with_pca,91.22652444345412,91.81413921408476,True,False
